label,probability
female,0.4589373469352722
male,0.5410626530647278